Inmuebles,Filial propietaria directa,Matriz,Sede empresa matriz,Sociedad intermedia utilizada,Sede sociedad utilizada,Tipo sociedad utilizada,Administración,Sector,Subsector,Fuente,Fuente 2,Fuente 3,Fuente 4,Fuente 5,Fuente 6
5435,AGENCIA DE L'HABITATGE DE CATALUNYA,Generalitat de Catalunya,España,Agencia de L'Habitatge de Catalunya,España,Empresas públicas o administraciones,CCAA,Parque público,NA,NA,NA,NA,NA,NA,NA
5044,INCASÒL,Generalitat de Catalunya,España,Incasol,España,Empresas públicas o administraciones,CCAA,Parque público,NA,NA,NA,NA,NA,NA,NA
4495,INSTITUT MUNICIPAL HABITATGE I REHAB. DE BARCELONA,Ajuntament de Barcelona,España,Institut Municipal de l'Habitatge i Rehabilitació de Barcelona,España,Empresas públicas o administraciones,Ayuntamiento,Parque público,NA,NA,NA,NA,NA,NA,NA
2059,BUILDINGCENTER SAU,CaixaBank,España,CaixaBank,España,Empresa privada,NA,Entidades financieras,Banca,https://buildingcenter.es/es/home-es/,https://www.boe.es/borme/dias/2012/10/16/pdfs/BORME-A-2012-199-08.pdf,NA,NA,NA,NA
2045,SAREB SA,Sareb,España,Sareb,España,Empresas públicas o administraciones,Administración central,Entidades financieras,Sociedad de gestión de activos,NA,NA,NA,NA,NA,NA
1868,DIVARIAN PROPIEDAD SA,Cerberus,Estados Unidos,Promontoria Holding 208 BV,Países Bajos,Empresa privada,NA,Entidades financieras,Fondos de inversión,https://www.boe.es/borme/dias/2021/11/12/pdfs/BORME-A-2021-217-28.pdf,https://www.boe.es/borme/dias/2018/02/07/pdfs/BORME-A-2018-27-28.pdf,https://www.bbva.com/es/bbva-vende-a-su-socio-cerberus-el-20-de-divarian/,NA,NA,NA
1757,BANCO BILBAO VIZCAYA ARGENTARIA S.A.,BBVA,España,BBVA,España,Empresa privada,NA,Entidades financieras,Banca,NA,NA,NA,NA,NA,NA
1667,VIVIENDA ASEQUIBLE ARRENDAMIENTO Y SERVICIOS SLU,CaixaBank,España,Criteria Caixacorp SA,España,Empresa privada,NA,Entidades financieras,Banca,https://www.boe.es/borme/dias/2021/08/04/pdfs/BORME-A-2021-148-08.pdf,https://www.boe.es/borme/dias/2021/08/04/pdfs/BORME-A-2021-148-08.pdf,https://www.boe.es/borme/dias/2018/08/02/pdfs/BORME-A-2018-148-08.pdf,https://www.criteriacaixa.com/,https://www.caixabank.com/StaticFiles/pdfs/110127_NP_Criteria_AcuerdoMarco_es.pdf,NA
1625,BANCO SABADELL SA,Banco Sabadell,España,Banco Sabadell,España,Empresa privada,NA,Entidades financieras,Banca,NA,NA,NA,NA,NA,NA
1602,"CEVASA, PATRIMONIO EN ALQUILER SL",Compañía Española de Viviendas en Alquiler SA (Cevasa),España,Cevasa Patrimonio en Alquiler SL,España,Empresa privada,NA,Inmobiliaria,NA,https://www.bolsasymercados.es/bme-exchange/docs/analisis/2023/04/32955_Analisis_20230404.pdf,https://quienmanda.es/organizations/compania-espanola-de-viviendas-en-alquiler,https://www.cnmv.es/portal/verDoc.axd?t={0e14d608-8b92-4d13-840b-fe6b941c0385},NA,NA,NA
1064,"BUDMAC INVESTMENTS II, S.L.,",Blackstone,Estados Unidos,Alcmena (REIT) Holdco SARL,Luxemburgo,Socimi,NA,Entidades financieras,Fondos de inversión,https://www.boe.es/borme/dias/2019/05/24/pdfs/BORME-A-2019-97-08.pdf,http://www.albiranaproperties.com/,NA,NA,NA,NA
1027,"INMUEBLES EN RENTA, S.A.",Inmuebles en Renta SA,España,Inmuebles en Renta SA,España,Empresa privada,NA,Inmobiliaria,NA,NA,NA,NA,NA,NA,NA
1015,"VIMUSA, HABITATGES MUNICIPALS DE SABADELL S.A.",Ajuntament de Sabadell,España,Vimusa,España,Empresas públicas o administraciones,Ayuntamiento,Parque público,NA,NA,NA,NA,NA,NA,NA
923,INDICESA L'ILLA SL,Indicesa L'Illa SL,España,Indicesa L'Illa SL,España,Empresa privada,NA,Inmobiliaria,NA,NA,NA,NA,NA,NA,NA
893,BCN HOUSING PLACE SL,Azora,España,Azzam Vivienda,España,Empresa privada,NA,Inmobiliaria,NA,https://www.azora.es/wp-content/uploads/2023/04/Grupo-Azora_Pol%C3%ADtica-de-Sostenibilidad.pdf,http://www.boe.es/borme/dias/2019/06/14/pdfs/BORME-A-2019-112-28.pdf,NA,NA,NA,NA
889,LIVINGCENTER ACTIVOS INMOBILIARIOS SAU,CaixaBank,España,Buildingcenter SAU,España,Empresa privada,NA,Entidades financieras,Banca,https://www.boe.es/borme/dias/2021/12/14/pdfs/BORME-A-2021-237-28.pdf,https://buildingcenter.es/es/home-es/,NA,NA,NA,NA
749,NESTAR RESIDENCIAL SII SA,CBRE,Estados Unidos,Nestar Residencial SII,España,Empresa privada,NA,Inmobiliaria,NA,https://www.azora.es/inversion-inmobiliaria/residencial/,https://nestarhomes.es/aviso-legal,https://www.boe.es/borme/dias/2019/06/14/pdfs/BORME-A-2019-112-28.pdf,https://www.cnmv.es/Portal/verGesDoc.axd?t={f7136115-8e63-48f8-aed7-58a0c192696e},https://www.azora.es/wp-content/uploads/2021/01/ESG-Report_Lazora-2019_EN.pdf,NA
745,SOCIETAT MUNICIPAL D'HABITATGE DE TERRASSA SA,Ajuntament de Terrassa,España,Societat Municipal d'Habitatge de Terrassa SA,España,Empresas públicas o administraciones,Ayuntamiento,Parque público,NA,NA,NA,NA,NA,NA,NA
722,VIVENIO RESIDENCIAL SOCIMI SA,Renta Corporación,España,Renta Corporación Real Estate,España,Socimi,NA,Inmobiliaria,NA,https://www.rentacorporacion.com/es/vivenio-socimi/,https://www.boe.es/borme/dias/2017/06/15/pdfs/BORME-A-2017-112-28.pdf,NA,NA,NA,NA
693,SOCIETAT DE ARRENDAMENTS 2007 NN SLU,Núñez i Navarro,España,Edbalnu SL,España,Empresa privada,NA,Inmobiliaria,NA,https://www.nyn.es/es/sociedades,NA,NA,NA,NA,NA
636,ONIX RENTA SLU,Grupo Icyesa,España,Icyesa Cornellá SA,España,Empresa privada,NA,Inmobiliaria,NA,https://www.onixrenta.com/calidad,https://www.icyesa.com/,NA,NA,NA,NA
589,"SBD LLOGUER SOCIAL, SA",Compañía Española de Viviendas en Alquiler SA (Cevasa),España,SBD Lloguer Social,España,Empresa privada,NA,Inmobiliaria,NA,https://www.bolsasymercados.es/API/Market/RelevantFactsFiles/216/HS216618.PDF,NA,NA,NA,NA,NA
572,BUDMAC INVESTMENTS S.L.,Blackstone,Estados Unidos,Alcmena (REIT) Holdco SARL,Luxemburgo,Socimi,NA,Entidades financieras,Fondos de inversión,https://www.boe.es/borme/dias/2018/02/14/pdfs/BORME-A-2018-32-08.pdf,http://www.albiranaproperties.com/,NA,NA,NA,NA
548,PROMOCIONES LLADERO SA,Goldman Sachs,Estados Unidos,Elq Holding (DEL) LLC,Delaware,Empresa privada,NA,Entidades financieras,Fondos de inversión,https://www.axa.es/documents/1119421/173317240/AXA+Business+Operations%2C+S.A.+%28CCAA+2021%29.pdf,https://www.boe.es/borme/dias/2015/12/17/pdfs/BORME-A-2015-240-08.pdf,https://www.boe.es/borme/dias/2022/03/31/pdfs/BORME-A-2022-63-08.pdf,https://www.sec.gov/Archives/edgar/data/886982/000119312516470289/d107036dex211.htm,NA,NA
508,SPM PROMOCIONS MUNICIPALS DE SANT CUGAT DEL VALLÈS,Ajuntament San Cugat del Vallés,España,Promusa,España,Empresas públicas o administraciones,Ayuntamiento,Parque público,NA,https://www.promusa.cat/avislegal/,NA,NA,NA,NA,NA
460,TESTA RESIDENCIAL SOCIMI SA,Blackstone,Estados Unidos,Tropic Holdco SARL,Luxemburgo,Socimi,NA,Entidades financieras,Fondos de inversión,https://www.cnmc.es/sites/default/files/2272271_5.pdf,https://www.boe.es/borme/dias/2019/07/15/pdfs/BORME-A-2019-133-28.pdf,NA,NA,NA,NA
426,FUNDACIO PRIVADA FOMENT DE L'HABITATGE SOCIAL,Fundació Habitatge Social,España,Fundació Habitatge Social,España,Fundaciones,NA,Fundaciones,NA,NA,NA,NA,NA,NA,NA
385,REGESA,Área Metropolitana de Barcelona,España,Regesa,España,Empresas públicas o administraciones,Metropolitana,Parque público,NA,http://www.regesa.cat/presentacio.php,NA,NA,NA,NA,NA
359,"ALCOTAS INMOBILIARIA,S.L.U",Grupo Corporativo Landon,España,Alcotas Inmobiliaria SL,España,Empresa privada,NA,Inmobiliaria,NA,NA,NA,NA,NA,NA,NA
322,BANCO SANTANDER SA,Banco Santander,España,Banco Santander,España,Empresa privada,NA,Entidades financieras,Banca,NA,NA,NA,NA,NA,NA
315,PROMONTORIA MACC MARINA RE SAU,Cerberus,Estados Unidos,Promontoria Marina Designated Activity Company,Irlanda,Empresa privada,NA,Entidades financieras,Fondos de inversión,https://www.boe.es/borme/dias/2022/03/01/pdfs/BORME-A-2022-41-28.pdf,https://www.boe.es/borme/dias/2022/06/24/pdfs/BORME-A-2022-120-28.pdf,NA,NA,NA,NA
315,"FAMÍLIA I BENESTAR SOCIAL, FUND. PRIVADA",Fundació Família i Benestar Social,España,Fundació Família i Benestar Social,España,Fundaciones,NA,Fundaciones,NA,NA,NA,NA,NA,NA,NA
314,AJUNTAMENT DE BARCELONA,Ajuntament de Barcelona,España,Ajuntament de Barcelona,España,Empresas públicas o administraciones,Ayuntamiento,Parque público,NA,NA,NA,NA,NA,NA,NA
310,PROMONTORIA COLISEUM RESIDENTIAL SLU,Cerberus,Estados Unidos,Promontoria Holding 226 B.V.,Países Bajos,Empresa privada,NA,Entidades financieras,Fondos de inversión,https://www.boe.es/borme/dias/2020/01/28/pdfs/BORME-A-2020-18-08.pdf,https://www.boe.es/borme/dias/2018/10/01/pdfs/BORME-A-2018-189-28.pdf,NA,NA,NA,NA
300,FUNDACIÓ PRIVADA HOSPITAL DE LA SANTA CREU I SANT PAU,Fundación Privada Hospital de la Santa Creu i Sant Pau,España,Fundación Privada Hospital de la Santa Creu i Sant Pau,España,Fundaciones,NA,Fundaciones,NA,NA,NA,NA,NA,NA,NA
297,COLON VIVIENDAS S.I.I. SA,CBRE,Estados Unidos,Azora Capital,España,Empresa privada,NA,Inmobiliaria,NA,https://www.cnmv.es/Portal/Consultas/EE/DatosGenerales.aspx?nif=A86695483,https://www.azora.es/wp-content/uploads/2022/04/2021-Azora-Gesti%C3%B3n_Cuentas-Anuales.pdf,https://www.azora.es/wp-content/uploads/2021/01/ESG-Report_Lazora-2019_EN.pdf,NA,NA,NA
295,SAU CRITERIA CAIXA,CaixaBank,España,CaixaBank,España,Empresa privada,NA,Entidades financieras,Banca,NA,NA,NA,NA,NA,NA
274,VISOREN RENTA SAU,Visoren,España,Visoren,España,Empresa privada,NA,Inmobiliaria,NA,https://www.boe.es/borme/dias/2011/06/17/pdfs/BORME-A-2011-116-08.pdf,NA,NA,NA,NA,NA
270,INMOBILIARIA IRASA SA,Inmobiliaria Irasa SA,España,Inmobiliaria Irasa SA,España,Empresa privada,NA,Inmobiliaria,NA,NA,NA,NA,NA,NA,NA
257,PROMOCIONS URBANITIQUES DE MATARO SA,Ajuntament de Mataró,España,Pumsa,España,Empresas públicas o administraciones,Ayuntamiento,Parque público,NA,https://www.pumsa.cat/empresa/estructuraorganitzativa/,NA,NA,NA,NA,NA
256,SABADELL PATRIMONIO INMOBILIARIO SOCIMI SA,Banco Sabadell,España,Sabadell Patrimonio Inmobiliario,España,Empresa privada,NA,Entidades financieras,Banca,https://www.boe.es/borme/dias/2014/12/16/pdfs/BORME-A-2014-239-08.pdf,NA,NA,NA,NA,NA
252,CONSORCI DEL BARRI DE LA MINA,Generalitat de Catalunya,España,Consorci del Barri de la Mina,España,Empresas públicas o administraciones,CCAA,Parque público,NA,http://www.barrimina.cat/estatuts2008.pdf,NA,NA,NA,NA,NA
248,PAC SL,Pac SL,España,Pac SL,España,Empresa privada,NA,Inmobiliaria,NA,NA,NA,NA,NA,NA,NA
241,GESCAT VIVENDES EN COMERCIALITZACIO SL,BBVA,España,Gescat Vivendes en Comercialització SL,España,Empresa privada,NA,Entidades financieras,Banca,https://www.boe.es/borme/dias/2016/11/16/pdfs/BORME-A-2016-218-08.pdf,NA,NA,NA,NA,NA
240,"FOMENT DE LA REHABILITACIÓ URBANA DE MANRESA, S.A.",Ajuntament de Manresa,España,Forumsa,España,Empresas públicas o administraciones,Ayuntamiento,Parque público,NA,https://www.manresa.cat/web/menu/2988-forum-s-a-,NA,NA,NA,NA,NA
237,FUNDACIÓ PRIVADA NOU LLOC HABITATGE SOCIAL,Fundació Nou Lloc Habitatge Social,España,Fundació Nou Lloc Habitatge Social,España,Fundaciones,NA,Fundaciones,NA,https://fundacionoulloc.org/nosotros/,NA,NA,NA,NA,NA
234,"UNIÓN INMOBILIARIA, S.A.",Unión Inmobiliaria SA,España,Unión Inmobiliaria SA,España,Empresa privada,NA,Inmobiliaria,NA,NA,NA,NA,NA,NA,NA
232,GRAMEPARK SA,Ajuntament de Santa Coloma de Gramanet,España,Gramepark,España,Empresas públicas o administraciones,Ayuntamiento,Parque público,NA,https://www.gramenet.cat/es/ayuntamiento/areas-municipales/gramepark/empresa-municipal/,NA,NA,NA,NA,NA
224,INMOBILIARIA GALLARDO SL,Inmobiliaria Gallardo SL,España,Inmobiliaria Gallardo SL,España,Empresa privada,NA,Inmobiliaria,NA,NA,NA,NA,NA,NA,NA
203,CIA GRAL DE FOM INMOBILIARIO SL,Compañia General de Fomento Inmobiliario,España,Compañia general de fomento inmobiliario,España,Empresa privada,NA,Inmobiliaria,NA,NA,NA,NA,NA,NA,NA
200,SANTIVERI LLOGUER SLU,Llumifels SL,España,Santiveri Lloguer SL,España,Empresa privada,NA,Inmobiliaria,NA,https://civio.box.com/s/zxnckeqm08e4hj6gbag9wmqwasnfejnx,NA,NA,NA,NA,NA
199,SAGA S.L.,Saga SL,España,Saga SL,España,Empresa privada,NA,Inmobiliaria,NA,NA,NA,NA,NA,NA,NA
195,INMOBILIARIA SAJU SA,Inmobiliaria Saju SA,España,Inmobiliaria Saju SA,España,Empresa privada,NA,Inmobiliaria,NA,NA,NA,NA,NA,NA,NA
192,"UNIÓN DE CRÉDITOS INMOBILIARIOS,S.A.",Banco Santander,España,Banco Santander,España,Empresa privada,NA,Entidades financieras,Banca,https://www.uci.com/ficherosprotecciondatos/Estructura%20accionarial.pdf,NA,NA,NA,NA,NA
192,GRAUCLA SL,Graucla SL,España,Graucla SL,España,Empresa privada,NA,Inmobiliaria,NA,NA,NA,NA,NA,NA,NA
190,MARBORI SL,Marbori SL,España,Marbori SL,España,Empresa privada,NA,Inmobiliaria,NA,NA,NA,NA,NA,NA,NA
187,IMPSOL,Área Metropolitana de Barcelona,España,Impsol,España,Empresas públicas o administraciones,Metropolitana,Parque público,NA,https://www.amb.cat/s/es/web/habitatge/impsol.html,NA,NA,NA,NA,NA
177,FACERAS SLU,Faceras SL,España,Faceras SL,España,Empresa privada,NA,Inmobiliaria,NA,NA,NA,NA,NA,NA,NA
176,LANUSEI INVESTMENTS S.L.,Blackstone,Estados Unidos,Alcmena (REIT) Holdco SARL,Luxemburgo,Socimi,NA,Entidades financieras,Fondos de inversión,https://www.boe.es/borme/dias/2015/05/11/pdfs/BORME-A-2015-87-08.pdf,https://www.boe.es/borme/dias/2014/10/30/pdfs/BORME-A-2014-208-28.pdf,http://www.albiranaproperties.com/,NA,NA,NA
175,ADIF,AGE,España,Adif,España,Empresas públicas o administraciones,NA,Otros,NA,NA,NA,NA,NA,NA,NA
175,"COMPLEJO INMOBILIARIO, S.A.U.",Melga Finance SL,España,Melga Finance SL,España,Empresa privada,NA,Inmobiliaria,NA,https://www.boe.es/borme/dias/2017/04/10/pdfs/BORME-A-2017-69-08.pdf,NA,NA,NA,NA,NA
172,EDFICACIONES ADRIANO S.A.,Edificaciones Adriano SA,España,Edificaciones Adriano SA,España,Empresa privada,NA,Inmobiliaria,NA,NA,NA,NA,NA,NA,NA
171,INMOBILIARIA PUIGCARBO SA,Inmobiliaria Puigcarbo SA,España,Inmobiliaria Puigcarbo SA,España,Empresa privada,NA,Inmobiliaria,NA,NA,NA,NA,NA,NA,NA
170,"MONTSERRAT, S.L.",Montserrat SL,España,Montserrat SL,España,Empresa privada,NA,Inmobiliaria,NA,NA,NA,NA,NA,NA,NA
167,CONSTRUCCIONES INMOB.PETRARCA SL,Construcciones Inmobiliarias Petrarca SL,España,Construcciones Inmobiliarias Petrarca SL,España,Empresa privada,NA,Inmobiliaria,NA,NA,NA,NA,NA,NA,NA
166,BALMA SL,Balma SL,España,Balma SL,España,Empresa privada,NA,Inmobiliaria,NA,NA,NA,NA,NA,NA,NA
154,SABADELL REAL ESTATE DEVELOPMENT SL,Banco Sabadell,España,Sabadell Real Estate Development SL,España,Empresa privada,NA,Entidades financieras,Banca,https://www.bancsabadell.com/empresas_del_grupo/Sociedades+del+Grupo+Banco+Sabadell_2021.pdf,NA,NA,NA,NA,NA
153,APARCAMIENTOS DESPI SA,Ajuntament de Sant Joan Despí,España,Aparcamientos Despi SA,España,Empresas públicas o administraciones,Ayuntamiento,Parque público,NA,https://bop.diba.cat/anuncis/antic/022011024499,NA,NA,NA,NA,NA
152,INMOBILIARIA MEDITERRANIA DE VIVIENDAS EN ALQUILER,Inmobiliaria Mediterránea de Viviendas en Alquiler SL,España,Inmobiliaria Mediterránea de Viviendas en Alquiler SL,España,Empresa privada,NA,Inmobiliaria,NA,NA,NA,NA,NA,NA,NA
152,RIUCLA SL,Riucla SL,España,Riucla SL,España,Empresa privada,NA,Inmobiliaria,NA,NA,NA,NA,NA,NA,NA
152,SOL EDIFICAT PONENT SL,Sol Edificat Ponent SL,España,Sol Edificat Ponent SL,España,Empresa privada,NA,Inmobiliaria,NA,NA,NA,NA,NA,NA,NA
151,PROMONTORIA MACC RE SOCIMI SA,Cerberus,Estados Unidos,Promontoria Mahou Designated Activity Company,Irlanda,Socimi,NA,Entidades financieras,Fondos de inversión,https://www.boe.es/borme/dias/2021/12/16/pdfs/BORME-A-2021-239-28.pdf,https://www.boe.es/borme/dias/2021/10/11/pdfs/BORME-A-2021-196-28.pdf,https://www.boe.es/borme/dias/2022/07/01/pdfs/BORME-A-2022-125-28.pdf,https://www.1x1socimi.es/Information%20Document%20MACC%201x1_Executed.pdf,NA,NA
149,CONSORCI SOCIOSANITARI D'IGUALADA,Ajuntament d'Igualada,España,Consorci Sociosanitari d'Igualada,España,Empresas públicas o administraciones,Ayuntamiento,Parque público,NA,https://www.seu-e.cat/documents/28021/7611660/Estatuts+del+Consorci+Sociosanitari+d%27Igualada/0ffe3b07-7ec4-4e74-a60a-42fc7872c20a,NA,NA,NA,NA,NA
149,VINAPE S L,Vinape SL,España,Vinape SL,España,Empresa privada,NA,Inmobiliaria,NA,NA,NA,NA,NA,NA,NA
145,YBN INVERSIONES SL,YBN Inversiones SL,España,YBN Inversiones SL,España,Empresa privada,NA,Inmobiliaria,NA,NA,NA,NA,NA,NA,NA
143,AJUNTAMENT DE L’HOSPITALET DE LLOBREGAT,Ajuntament de L'Hospitalet de Llobregat,España,Ajuntament de L'Hospitalet de Llobregat,España,Empresas públicas o administraciones,Ayuntamiento,Parque público,NA,NA,NA,NA,NA,NA,NA
142,"ADVERO PROPERTIES SOCIMI, S.A",Adequita Capital Ltd,Reino Unido,Advero Properties Socimi,España,Socimi,NA,Entidades financieras,Fondos de inversión,https://adveroproperties.com/downloads/inversores/2019-11-06-DIIIM-Publicacion-definitiva.pdf,https://civio.box.com/s/lmlmbojmplocmr3562cyxase5xskfpg3,NA,NA,NA,NA
142,ALCROS SL,Alcros SL,España,Alcros SL,España,Empresa privada,NA,Inmobiliaria,NA,NA,NA,NA,NA,NA,NA
142,SARO 2015 SL,Saro 2015 SL,España,Saro 2015 SL,España,Empresa privada,NA,Inmobiliaria,NA,NA,NA,NA,NA,NA,NA
140,"GESTION DE PATRIMONIOS VALLS, S.L.",Gestión de Patrimonios Valls SL,España,Gestión de Patrimonios Valls SL,España,Empresa privada,NA,Inmobiliaria,NA,NA,NA,NA,NA,NA,NA
140,SEMISSIS SL,Semissis SL,España,Semissis SL,España,Empresa privada,NA,Inmobiliaria,NA,NA,NA,NA,NA,NA,NA
139,TEMPORE PROPERTIES SOCIMI SA,TPG,Estados Unidos,Tempore Holdings SCSp,Luxemburgo,Socimi,NA,Entidades financieras,Fondos de inversión,https://temporeproperties.es/wp-content/uploads/2022/03/20220308-Tempore-OIR-Informacion-Financiera-2021.pdf,https://civio.box.com/s/m52onnxxk21031aqcftwyb7yl0lrsn74,https://civio.box.com/s/8lvvfqhwa7a2f3omwihq3ctvquv43vat,https://civio.box.com/s/e0i3oes24ifubq63757l68tvvlxnp6br,NA,NA
138,"CIA. GRAL. CONSTR. GUADALEST, S.L.",Compañia General de Construcciones Guadalest SL,España,Compañia General de Construcciones Guadalest SL,España,Empresa privada,NA,Inmobiliaria,NA,NA,NA,NA,NA,NA,NA
136,"LUGOBASI, S.L.",Lugobasi SL,España,Lugobasi SL,España,Empresa privada,NA,Inmobiliaria,NA,NA,NA,NA,NA,NA,NA
135,CARLANNA SL,Carlanna SL,España,Carlanna SL,España,Empresa privada,NA,Inmobiliaria,NA,NA,NA,NA,NA,NA,NA
135,CORAL HOMES SLU,Lone Star,Estados Unidos,LSF Pacific Holdings SARL,Luxemburgo,Soparfi,NA,Entidades financieras,Fondos de inversión,https://www.cnmv.es/AUDITA/2019/18294.pdf,https://www.coralh.com/wp-content/uploads/2021/02/Coral-Homes-Holdco_EINF-2018-web-compressed.pdf,https://www.boe.es/borme/dias/2019/01/04/pdfs/BORME-A-2019-3-28.pdf,https://www.boe.es/borme/dias/2019/01/04/pdfs/BORME-A-2019-3-28.pdf,https://civio.box.com/s/edgnab9n3rba67sks88anmwq9360rqux,https://civio.box.com/s/5bp1fkbgtnp9i40xprsava9cuqd6yc5d
132,GITSA,Gitsa,España,Gitsa,España,Empresa privada,NA,Entidades financieras,Intermediarios financieros,NA,NA,NA,NA,NA,NA
131,BASIDELTA SL,Basidelta SL,España,Basidelta SL,España,Empresa privada,NA,Inmobiliaria,NA,NA,NA,NA,NA,NA,NA
130,PROMUNSA SA,Ajuntament Sant Just Desvent,España,Promunsa,España,Empresas públicas o administraciones,Ayuntamiento,Parque público,NA,NA,NA,NA,NA,NA,NA
130,INMOVILIARIA VILADOMAT SA,Inmoviliaria Viladomat SA,España,Inmoviliaria Viladomat SA,España,Empresa privada,NA,Inmobiliaria,NA,NA,NA,NA,NA,NA,NA
130,S.A. DE PROPIEDAD INMOBILIARIA,SA de Propiedad Inmobiliaria,España,SA de Propiedad Inmobiliaria,España,Empresa privada,NA,Inmobiliaria,NA,NA,NA,NA,NA,NA,NA
129,IMSA HABITATGE SOCIAL S.L.,Imsa Habitatge Social SL,España,Imsa Habitatge Social SL,España,Empresa privada,NA,Inmobiliaria,NA,NA,NA,NA,NA,NA,NA
128,"Z. PUY & SOLER, S.L.",Z. Puy & Soler SL,España,Z. Puy & Soler SL,España,Empresa privada,NA,Inmobiliaria,NA,NA,NA,NA,NA,NA,NA
125,"NOMAR, SL",Nomar SL,España,Nomar SL,España,Empresa privada,NA,Inmobiliaria,NA,NA,NA,NA,NA,NA,NA
123,MONPA SA,Monpa SA,España,Monpa SA,España,Empresa privada,NA,Inmobiliaria,NA,NA,NA,NA,NA,NA,NA
123,"PATRIMONIAL HEFER, SA",Patrimonial Hefer SA,España,Patrimonial Hefer SA,España,Empresa privada,NA,Inmobiliaria,NA,NA,NA,NA,NA,NA,NA
120,INMOBILIÀRIA XIFRÓ S.L.,Inmobiliària Xifró SL,España,Inmobiliària Xifró SL,España,Empresa privada,NA,Inmobiliaria,NA,NA,NA,NA,NA,NA,NA
120,B62055462 TORO CONSTRUCCIONES Y OBRAS SL,Toro Construcciones y Obras SL,España,Toro Construcciones y Obras SL,España,Empresa privada,NA,Inmobiliaria,NA,NA,NA,NA,NA,NA,NA
119,BRAKER Y CONEI SL,Conei Compañía Internacional de Inversiones SL,España,Braker y Conei SL,España,Empresa privada,NA,Entidades financieras,Compraventa de participaciones,https://www.boe.es/borme/dias/2017/12/11/pdfs/BORME-A-2017-233-08.pdf,NA,NA,NA,NA,NA
119,"CONSTRUCCIONES NERVION, S.A.",Riart SL,España,Construcciones Nervion SA,España,Empresa privada,NA,Inmobiliaria,NA,https://www.boe.es/borme/dias/2017/06/26/pdfs/BORME-A-2017-119-08.pdf,NA,NA,NA,NA,NA
117,PROMONTORIA COLISEUM REAL ESTATE SLU,Cerberus,Estados Unidos,Cerberus Global Investments B.V.,Países Bajos,Empresa privada,NA,Entidades financieras,Fondos de inversión,https://www.boe.es/borme/dias/2020/01/28/pdfs/BORME-A-2020-18-08.pdf,http://www.cnmv.es/AUDITA/2019/18288.pdf,NA,NA,NA,NA
117,INSALA SA,Insala SA,España,Insala SA,España,Empresa privada,NA,Inmobiliaria,NA,NA,NA,NA,NA,NA,NA
116,GLOBAL LICATA SAU,Cerberus,Estados Unidos,Cerberus Global Investments B.V.,Países Bajos,Empresa privada,NA,Entidades financieras,Fondos de inversión,https://corporate.haya.es/static/pdf/CONSO_Haya_2019_ES.pdf,NA,NA,NA,NA,NA
115,"COMERCIAL BERLIN, S.L.",Comercial Berlín SL,España,Comercial Berlín SL,España,Empresa privada,NA,Inmobiliaria,NA,NA,NA,NA,NA,NA,NA
112,ARLIPA SL,Corporación Ivamosa SA,España,Corporación Ivamosa SA,España,Empresa privada,NA,Inmobiliaria,NA,https://civio.box.com/s/dxfxkiccsixs6c2fpi83sqalovh09lpa,NA,NA,NA,NA,NA
109,FIN-SAN 2001 S.L.,Fin San 2001 SL,España,Fin San 2001 SL,España,Empresa privada,NA,Inmobiliaria,NA,NA,NA,NA,NA,NA,NA
107,INMOBILIARIA BACAMA SA,Inmobiliaria Bacama SA,España,Inmobiliaria Bacama SA,España,Empresa privada,NA,Inmobiliaria,NA,NA,NA,NA,NA,NA,NA
106,"INMOBILIARIA ALSAMA, S.A.",Inmobiliaria Alsama SA,España,Inmobiliaria Alsama SA,España,Empresa privada,NA,Inmobiliaria,NA,NA,NA,NA,NA,NA,NA
106,ROBECO INVEST SL,Robeco Invest SL,España,Robeco Invest SL,España,Empresa privada,NA,Inmobiliaria,NA,NA,NA,NA,NA,NA,NA
104,CUROGAR SA CUROGAR SA,Curogar SA,España,Curogar SA,España,Empresa privada,NA,Inmobiliaria,NA,NA,NA,NA,NA,NA,NA
104,INMOBILIARIA URBANA S L,Inmobiliaria Urbana SL,España,Inmobiliaria Urbana SL,España,Empresa privada,NA,Inmobiliaria,NA,NA,NA,NA,NA,NA,NA
103,ALMOSA,Almosa,España,Almosa,España,Empresa privada,NA,Inmobiliaria,NA,NA,NA,NA,NA,NA,NA
102,INMOBILIARIA RIUS SL,Inmobiliaria Rius SL,España,Inmobiliaria Rius SL,España,Empresa privada,NA,Inmobiliaria,NA,NA,NA,NA,NA,NA,NA
101,TERRA GRIS SL,Terra Gris SL,España,Terra Gris SL,España,Empresa privada,NA,Inmobiliaria,NA,NA,NA,NA,NA,NA,NA
100,"ARTOS, S.L.",Artos SL,España,Artos SL,España,Empresa privada,NA,Inmobiliaria,NA,NA,NA,NA,NA,NA,NA
99,ARRENDAMIENTOS Y BIENES INMUEBLES SL,Arrendamientos y Bienes Inmuebles SL,España,Arrendamientos y Bienes Inmuebles SL,España,Empresa privada,NA,Inmobiliaria,NA,NA,NA,NA,NA,NA,NA
99,JARIES SA,Jaries SA,España,Jaries SA,España,Empresa privada,NA,Inmobiliaria,NA,NA,NA,NA,NA,NA,NA
99,WORLD INMUEBLES SL,Skipper Investments SL,España,World inmuebles SL,España,Empresa privada,NA,Consultoría,NA,https://civio.box.com/s/0fgq7n6s4n1jpm8nm5iubu0rrm3emttv,NA,NA,NA,NA,NA
98,UNION GENERAL INMOBILIARIA SA,Unión General Inmobiliaria SA,España,Unión General Inmobiliaria SA,España,Empresa privada,NA,Inmobiliaria,NA,NA,NA,NA,NA,NA,NA
98,VELASTE SL,Velaste SL,España,Velaste SL,España,Empresa privada,NA,Inmobiliaria,NA,NA,NA,NA,NA,NA,NA
97,CAIXA D'ESTALVIS DE CATALUNYA TARRAGONA I MANRESA,Blackstone,Estados Unidos,Alcmena (REIT) Holdco SARL,Luxemburgo,Socimi,NA,Entidades financieras,Fondos de inversión,https://www.boe.es/buscar/doc.php?id=BOE-B-2011-21511,https://www.bmegrowth.es/docs/documentos/Otros/2017/03/05236_Folleto_20170317.pdf,NA,NA,NA,NA
97,INMOBILIARIA IASA SL,Inmobiliaria Iasa SL,España,Inmobiliaria Iasa SL,España,Empresa privada,NA,Inmobiliaria,NA,NA,NA,NA,NA,NA,NA
97,LM JORBA FINQUES SL,LM Jorba Finques SL,España,LM Jorba Finques SL,España,Empresa privada,NA,Inmobiliaria,NA,NA,NA,NA,NA,NA,NA
97,INVERSIONES NUPROSA SL,Núñez i Navarro,España,Inversiones Nuprosa,España,Empresa privada,NA,Inmobiliaria,NA,https://www.nyn.es/es/sociedades,NA,NA,NA,NA,NA
96,"ACMAR, S.L.",Acmar SL,España,Acmar SL,España,Empresa privada,NA,Inmobiliaria,NA,NA,NA,NA,NA,NA,NA
96,"PROMOCIONS URBANES DE RUBÍ, SA",Ajuntament de Rubí,España,Proursa,España,Empresas públicas o administraciones,Ayuntamiento,Parque público,NA,https://seu.rubi.cat/ofertaPublicaCategoriaPublic/listPublicacionsAmbCategoria?categoria.id=227,NA,NA,NA,NA,NA
96,INMOBILIARIA HUCART,Inmobiliaria Hucart,España,Inmobiliaria Hucart,España,Empresa privada,NA,Inmobiliaria,NA,NA,NA,NA,NA,NA,NA
95,"FUENTESCU, S.L.",Fuentescu SL,España,Fuentescu SL,España,Empresa privada,NA,Inmobiliaria,NA,NA,NA,NA,NA,NA,NA
95,SALAS JAURENA SL,Salas Jaurena SL,España,Salas Jaurena SL,España,Empresa privada,NA,Inmobiliaria,NA,NA,NA,NA,NA,NA,NA
95,SIMORO SL,Simoro SL,España,Simoro SL,España,Empresa privada,NA,Inmobiliaria,NA,NA,NA,NA,NA,NA,NA
94,"ALQUI,S.A.",Alqui SA,España,Alqui SA,España,Empresa privada,NA,Inmobiliaria,NA,NA,NA,NA,NA,NA,NA
94,ANONIMA DEL PILAR SLU,Anónima del Pilar SLU,España,Anónima del Pilar SLU,España,Empresa privada,NA,Inmobiliaria,NA,NA,NA,NA,NA,NA,NA
94,ARQUIGESTIO SA,Arquigestio SA,España,Arquigestio SA,España,Empresa privada,NA,Inmobiliaria,NA,NA,NA,NA,NA,NA,NA
94,INVERSIONES INMOBILIARIAS LIMARA SLU,Blackstone,Estados Unidos,Columbus Investment SARL,Luxemburgo,Soparfi,NA,Entidades financieras,Fondos de inversión,https://www.boe.es/borme/dias/2018/11/16/pdfs/BORME-A-2018-220-08.pdf,https://www.boe.es/borme/dias/2018/04/11/pdfs/BORME-A-2018-70-08.pdf,https://www.boe.es/borme/dias/2018/02/27/pdfs/BORME-A-2018-41-08.pdf,https://www.boe.es/borme/dias/2017/12/29/pdfs/BORME-A-2017-246-08.pdf,https://www.boe.es/borme/dias/2014/04/11/pdfs/BORME-A-2014-71-28.pdf,https://civio.box.com/s/3biqa583xzz91vdgwp0xyennu7tcgp98
92,INMOBILIARIA ARGOMIS SA,Inmobiliaria Argomis SA,España,Inmobiliaria Argomis SA,España,Empresa privada,NA,Inmobiliaria,NA,NA,NA,NA,NA,NA,NA
92,"RENTA CORPORACIÓN REAL ESTATE ES, SAU",Renta Corporación,España,Renta Corporación Real Estate,España,Empresa privada,NA,Inmobiliaria,NA,https://www.rentacorporacion.com/es/aviso-legal/,NA,NA,NA,NA,NA
91,ALEIX SL,Aleix SL,España,Aleix SL,España,Empresa privada,NA,Inmobiliaria,NA,NA,NA,NA,NA,NA,NA
91,GRAMINA HOMES SL,Lone Star,Estados Unidos,Lone Star Fund XI,Bermudas,Empresa privada,NA,Entidades financieras,Fondos de inversión,https://www.cnmv.es/AUDITA/2019/18307.pdf,NA,NA,NA,NA,NA
90,ADEVIPE SA,Adevipe SA,España,Adevipe SA,España,Empresa privada,NA,Inmobiliaria,NA,NA,NA,NA,NA,NA,NA
90,SEBASTIAN ALQUILERES DIRECTOS S.L,Alquileres Directos SL,España,Alquileres Directos SL,España,Empresa privada,NA,Inmobiliaria,NA,NA,NA,NA,NA,NA,NA
90,CONSTRUCCIONES GUITART SL,Construcciones Guitart SL,España,Construcciones Guitart SL,España,Empresa privada,NA,Inmobiliaria,NA,NA,NA,NA,NA,NA,NA
90,"INMOB. FIDUCIARIA E. BERRENS, SL",Inmobiliaria y Fiduciaria E Berrens SL,España,Inmobiliaria y Fiduciaria E Berrens SL,España,Empresa privada,NA,Inmobiliaria,NA,NA,NA,NA,NA,NA,NA
90,MICASAN SL,Micasan SL,España,Micasan SL,España,Empresa privada,NA,Inmobiliaria,NA,NA,NA,NA,NA,NA,NA
90,"NUTAIBA, S.L.",Nutaiba SL,España,Nutaiba SL,España,Empresa privada,NA,Inmobiliaria,NA,NA,NA,NA,NA,NA,NA
90,VIVENIO DELTA SLU,Renta Corporación,España,"Vivenio Residencial Socimi, S.A.",España,Socimi,NA,Inmobiliaria,NA,https://www.boe.es/borme/dias/2019/09/17/pdfs/BORME-A-2019-178-28.pdf,https://www.rentacorporacion.com/es/vivenio-socimi/,NA,NA,NA,NA
89,"MEHOPA, S.A.",Mehopa SA,España,Mehopa SA,España,Empresa privada,NA,Inmobiliaria,NA,NA,NA,NA,NA,NA,NA
88,CIMENTADOS 3 SA,Grupo Cajamar,España,Banco de Crédito Social Cooperativo SA,España,Empresa privada,NA,Entidades financieras,Banca,https://www.boe.es/borme/dias/2015/10/02/pdfs/BORME-A-2015-189-04.pdf,https://www.boe.es/borme/dias/2014/07/22/pdfs/BORME-A-2014-137-28.pdf,NA,NA,NA,NA
87,COMPAÑIA DE JESUS PROVINCIA DE ESPAÑA,Compañía de Jesús Provincia de España,España,Compañía de Jesús Provincia de España,España,Entidades religiosas,NA,Entidades religiosas,NA,https://jesuitas.es/AvisoLegal.pdf,NA,NA,NA,NA,NA
86,"VILA VALLS, S.A.",Vila Valls SA,España,Vila Valls SA,España,Empresa privada,NA,Inmobiliaria,NA,NA,NA,NA,NA,NA,NA
85,ANIDA OPERACIONES SINGULARES SA,BBVA,España,BBVA,España,Empresa privada,NA,Entidades financieras,Banca,https://accionistaseinversores.bbva.com/microsites/cuentasanuales2022/cuentas-anuales-consolidadas/memoria-consolidada/index.html,NA,NA,NA,NA,NA
85,LACKANTON EDIFICACIONES SL,Lackanton Edificaciones SL,España,Lackanton Edificaciones SL,España,Empresa privada,NA,Inmobiliaria,NA,NA,NA,NA,NA,NA,NA
85,PROMOC CGP INVEST SL,Promoc C G P Invest SL,España,Promoc C G P Invest SL,España,Empresa privada,NA,Inmobiliaria,NA,NA,NA,NA,NA,NA,NA
84,"BAALBECK, S.A.U.",Ballbeck SA,España,Ballbeck SA,España,Empresa privada,NA,Inmobiliaria,NA,NA,NA,NA,NA,NA,NA
84,INDUSTRY IBERICA SL,Industry Ibérica SL,España,Industry Ibérica SL,España,Empresa privada,NA,Inmobiliaria,NA,NA,NA,NA,NA,NA,NA
84,INSTITUTO HISPANO DE OBRAS Y CONSTRUCCIONES SA,Instituto Hispano de Obras y Construcciones SA,España,Instituto Hispano de Obras y Construcciones SA,España,Empresa privada,NA,Inmobiliaria,NA,NA,NA,NA,NA,NA,NA
84,INVERGAB SBD SL -,Invergab SBD SL,España,Invergab SBD SL,España,Empresa privada,NA,Inmobiliaria,NA,NA,NA,NA,NA,NA,NA
84,PIVER SL,Piver SL,España,Piver SL,España,Empresa privada,NA,Construcción,NA,NA,NA,NA,NA,NA,NA
84,SIDOR SL,Sidor SL,España,Sidor SL,España,Empresa privada,NA,Inmobiliaria,NA,NA,NA,NA,NA,NA,NA
82,B58516469 ALIBUCA SL,Alibuca SL,España,Alibuca SL,España,Empresa privada,NA,Inmobiliaria,NA,NA,NA,NA,NA,NA,NA
82,"HOMAC, S.A.",Homac SA,España,Homac SA,España,Empresa privada,NA,Inmobiliaria,NA,NA,NA,NA,NA,NA,NA
82,JM Y CAI SL,Im y Cai SL,España,Im y Cai SL,España,Empresa privada,NA,Inmobiliaria,NA,NA,NA,NA,NA,NA,NA
82,INMO BAULAN S. L.,Inmo Baulan SL,España,Inmo Baulan SL,España,Empresa privada,NA,Inmobiliaria,NA,NA,NA,NA,NA,NA,NA
82,NOVAINEXA SL,Novainexa SL,España,Novainexa SL,España,Empresa privada,NA,Inmobiliaria,NA,NA,NA,NA,NA,NA,NA
82,VIEMCIERO SL,Viemciero SL,España,Viemciero SL,España,Empresa privada,NA,Inmobiliaria,NA,NA,NA,NA,NA,NA,NA
80,"INMOBILIARIA JUMARNAL, SL",Inmobiliaria Jumarnal SL,España,Inmobiliaria Jumarnal SL,España,Empresa privada,NA,Inmobiliaria,NA,NA,NA,NA,NA,NA,NA
80,SARDES HOLDCO SL,Lone Star,Estados Unidos,LSREF3 Re Investments SARL,Luxemburgo,Soparfi,NA,Entidades financieras,Fondos de inversión,https://www.boe.es/borme/dias/2021/09/03/pdfs/BORME-A-2021-170-28.pdf,https://www.boe.es/borme/dias/2021/01/27/pdfs/BORME-A-2021-17-28.pdf,https://www.boe.es/borme/dias/2021/09/03/pdfs/BORME-A-2021-170-28.pdf,https://www.boe.es/borme/dias/2021/01/05/pdfs/BORME-A-2021-2-28.pdf,https://www.boe.es/borme/dias/2015/05/22/pdfs/BORME-A-2015-95-48.pdf,https://www.boe.es/borme/dias/2015/03/25/pdfs/BORME-A-2015-57-48.pdf
80,SAPPORO CONSTRUMAT SL,Planeament Urbanistic i Empresarial del Maresme,España,Sapporo Construmat SL,España,Empresa privada,NA,Inmobiliaria,NA,https://civio.box.com/s/vix82zlz6xzreb3623a656efpbu0j8q5,NA,NA,NA,NA,NA
79,EURO SPAIN PROMOCIONES HOTELERAS SL,Euro Spain Promociones Hoteleras SL,España,Euro Spain Promociones Hoteleras SL,España,Empresa privada,NA,Inmobiliaria,NA,NA,NA,NA,NA,NA,NA
79,"RODESAN, S.A.U.",Grup Volumetric,España,Rodesan SA,España,Empresa privada,NA,Inmobiliaria,NA,https://www.boe.es/borme/dias/2013/04/05/pdfs/BORME-A-2013-64-08.pdf,https://civio.box.com/s/kasroxk9qxx2izhnn5a7t9zoqaric5gz,https://volumetric.es/volumetric/,NA,NA,NA
79,INMOBILIARIA MUNTANER SL,Inmobiliaria Muntaner SL,España,Inmobiliaria Muntaner SL,España,Empresa privada,NA,Inmobiliaria,NA,NA,NA,NA,NA,NA,NA
79,INMOBILIARIA SACOVI SL,Inmobiliaria Sacovi SL,España,Inmobiliaria Sacovi SL,España,Empresa privada,NA,Inmobiliaria,NA,NA,NA,NA,NA,NA,NA
79,IMMOBILIARIA SAN QUINTIN,Inmobiliaria San Quintín,España,Inmobiliaria San Quintín,España,Empresa privada,NA,Inmobiliaria,NA,NA,NA,NA,NA,NA,NA
79,JORMAVI SL,Jormavi SL,España,Jormavi SL,España,Empresa privada,NA,Inmobiliaria,NA,NA,NA,NA,NA,NA,NA
79,RAINPAT RENTA SLU,Rainpat 2015 SL,España,Rainpat 2015 SL,España,Empresa privada,NA,Inmobiliaria,NA,https://www.boe.es/borme/dias/2019/12/02/pdfs/BORME-A-2019-231-08.pdf,NA,NA,NA,NA,NA
78,CIESGA SL,Ciesga SL,España,Ciesga SL,España,Empresa privada,NA,Inmobiliaria,NA,NA,NA,NA,NA,NA,NA
78,LANDIA BCN SL,Lanbal BCN SL,España,Landia BCN SL,España,Empresa privada,NA,Inmobiliaria,NA,NA,NA,NA,NA,NA,NA
78,ORDEN HOSPITALARIA DE SAN JUAN DE DIOS,Orden Hospitalaria de San Juan de Dios,España,Orden Hospitalaria de San Juan de Dios,España,Entidades religiosas,NA,Entidades religiosas,NA,NA,NA,NA,NA,NA,NA
78,TAURO REAL ESTATE SL,Tauro Real Estate SL,España,Tauro Real Estate SL,España,Empresa privada,NA,Inmobiliaria,NA,NA,NA,NA,NA,NA,NA
77,SERVIHABITAT ALQUILER II SL,CaixaBank,España,Inmo Criteria Caixa,España,Empresa privada,NA,Entidades financieras,Banca,https://www.boe.es/borme/dias/2017/10/23/pdfs/BORME-A-2017-202-08.pdf,NA,NA,NA,NA,NA
77,SERVIHABITAT ALQUILER SL,CaixaBank,España,Inmo Criteria Caixa,España,Empresa privada,NA,Entidades financieras,Banca,https://www.boe.es/borme/dias/2017/07/28/pdfs/BORME-A-2017-143-08.pdf,NA,NA,NA,NA,NA
77,FOMENTO INMOBILIARIA CASACLARA SA,Fomento Inmobiliaria Casaclara SA,España,Fomento Inmobiliaria Casaclara SA,España,Empresa privada,NA,Inmobiliaria,NA,NA,NA,NA,NA,NA,NA
77,LOVIRENT SL,Lovirent SL,España,Lovirent SL,España,Empresa privada,NA,Inmobiliaria,NA,NA,NA,NA,NA,NA,NA
77,OLLETSAC SL,Olletsac SL,España,Olletsac SL,España,Empresa privada,NA,Inmobiliaria,NA,NA,NA,NA,NA,NA,NA
76,INMO ROSSA SL INMO-ROSSA S.L.,Inmo Rossa SL,España,Inmo Rossa SL,España,Empresa privada,NA,Inmobiliaria,NA,NA,NA,NA,NA,NA,NA
76,LANBAL BCN SL,Lanbal BCN SL,España,Lanbal BCN SL,España,Empresa privada,NA,Inmobiliaria,NA,NA,NA,NA,NA,NA,NA
74,"CAMPO DE GAMA, S.L.U.",Campo de Gama SL,España,Campo de Gama SL,España,Empresa privada,NA,Inmobiliaria,NA,NA,NA,NA,NA,NA,NA
74,FUNDACIO ILURO,Fundació Iluro,España,Fundació Iluro,España,Fundaciones,NA,Fundaciones,NA,NA,NA,NA,NA,NA,NA
74,"MGS, SEGUROS Y REASEGUROS SA",MGS Seguros,España,MGS Seguros,España,Empresa privada,NA,Seguros,NA,NA,NA,NA,NA,NA,NA
74,TITISA SA,Titisa SA,España,Titisa SA,España,Empresa privada,NA,Inmobiliaria,NA,NA,NA,NA,NA,NA,NA
73,FARRE-RENTALS SA,Farre-Rentals SA,España,Farre-Rentals SA,España,Empresa privada,NA,Inmobiliaria,NA,NA,NA,NA,NA,NA,NA
73,FINCAS ARMENGOL SCP,Fincas Armengol SCP,España,Fincas Armengol SCP,España,Empresa privada,NA,Inmobiliaria,NA,NA,NA,NA,NA,NA,NA
73,FREMAN SL,Freman SL,España,Freman SL,España,Empresa privada,NA,Inmobiliaria,NA,NA,NA,NA,NA,NA,NA
73,PAULISTANO SL,Paulistano SL,España,Paulistano SL,España,Empresa privada,NA,Inmobiliaria,NA,NA,NA,NA,NA,NA,NA
73,UNION PROMOTORA DE INVERSIONES SL,Unión Promotora de Inversiones SL,España,Unión Promotora de Inversiones SL,España,Empresa privada,NA,Inmobiliaria,NA,NA,NA,NA,NA,NA,NA
72,PROCORNELLA SA,Ajuntament de Cornellà de Llobregat,España,Procornellá SA,España,Empresas públicas o administraciones,Ayuntamiento,Parque público,NA,https://www.procornella.cat/es_ES/legaladvice.htm,NA,NA,NA,NA,NA
72,EDIFICIOS Y ESPECTACULOS S.L,Edificios y Espectáculos SL,España,Edificios y Espectáculos SL,España,Empresa privada,NA,Inmobiliaria,NA,NA,NA,NA,NA,NA,NA
72,FILEVA SL,Fileva SL,España,Fileva SL,España,Empresa privada,NA,Inmobiliaria,NA,NA,NA,NA,NA,NA,NA
71,ARENASAN SL,Arenasan SA,España,Arenasan SA,España,Empresa privada,NA,Inmobiliaria,NA,NA,NA,NA,NA,NA,NA
70,BISBAT DE VIC,Bisbat de Vic,España,Bisbat de Vic,España,Entidades religiosas,NA,Entidades religiosas,NA,https://www.bisbatvic.org/ca/lesglesia-i-tu/qui-som,NA,NA,NA,NA,NA
70,"BORIVIL, SL",Borivil SL,España,Borivil SL,España,Empresa privada,NA,Inmobiliaria,NA,NA,NA,NA,NA,NA,NA
70,"IMPULS LLOGUER, SLU",Qualest Patrimonial SL,España,Qualest Patrimonial SL,España,Empresa privada,NA,Inmobiliaria,NA,https://www.boe.es/borme/dias/2020/03/19/pdfs/BORME-A-2020-55-08.pdf,NA,NA,NA,NA,NA
70,SIMOTRES 1997 SL,Simotres 1997 SL,España,Simotres 1997 SL,España,Empresa privada,NA,Inmobiliaria,NA,NA,NA,NA,NA,NA,NA
70,VINU SA VINU SA,Vinu SA,España,Vinu SA,España,Empresa privada,NA,Inmobiliaria,NA,NA,NA,NA,NA,NA,NA
69,JORBAJOR SL,Jorbajor SL,España,Jorbajor SL,España,Empresa privada,NA,Inmobiliaria,NA,NA,NA,NA,NA,NA,NA
69,MARIA DE VALLDONZELLA SL,María de Valldonzella SL,España,María de Valldonzella SL,España,Empresa privada,NA,Inmobiliaria,NA,NA,NA,NA,NA,NA,NA
69,EDIMAN INVERSIONES SLU,Nolabey Grup,España,Nolabey Grup,España,Empresa privada,NA,Inmobiliaria,NA,https://www.boe.es/borme/dias/2011/01/31/pdfs/BORME-A-2011-20-08.pdf,NA,NA,NA,NA,NA
69,PROHORTA SL,Prohorta SL,España,Prohorta SL,España,Empresa privada,NA,Inmobiliaria,NA,NA,NA,NA,NA,NA,NA
69,BADROCIL INMOBILIARIA SL,Ruarti XXI,España,Ruarti XXI,España,Empresa privada,NA,Inmobiliaria,NA,https://www.boe.es/borme/dias/2012/07/10/pdfs/BORME-A-2012-130-08.pdf,NA,NA,NA,NA,NA
68,ACRANOU,Acranou,España,Acranou,España,Empresa privada,NA,Inmobiliaria,NA,NA,NA,NA,NA,NA,NA
68,"BIENES ARRENDADOS URBANOS, S.L.",Bienes Arrendados Urbanos SL,España,Bienes Arrendados Urbanos SL,España,Empresa privada,NA,Inmobiliaria,NA,NA,NA,NA,NA,NA,NA
68,ICOFRE DIAGONAL SL,Icofre Diagonal SL,España,Icofre Diagonal SL,España,Empresa privada,NA,Inmobiliaria,NA,NA,NA,NA,NA,NA,NA
68,MERCHLINCEO SL,Merchlinceo SL,España,Merchlinceo SL,España,Empresa privada,NA,Inmobiliaria,NA,NA,NA,NA,NA,NA,NA
68,ROLEG SA,Roleg SA,España,Roleg SA,España,Empresa privada,NA,Inmobiliaria,NA,NA,NA,NA,NA,NA,NA
67,"ALISEDA, SAU",Blackstone,Estados Unidos,Balsam Investments SARL,Luxemburgo,Soparfi,NA,Entidades financieras,Fondos de inversión,https://www.boe.es/borme/dias/2018/08/01/pdfs/BORME-A-2018-147-28.pdf,https://www.boe.es/borme/dias/2018/04/12/pdfs/BORME-A-2018-71-28.pdf,https://www.boe.es/borme/dias/2018/03/06/pdfs/BORME-A-2018-46-28.pdf,https://www.santander.com/content/dam/santander-com/es/contenido-paginas/landing-pages/fusiones/informacion-relativa-a-la-fusion-de-banco-santander-s-a--como-sociedad-absorbente-y-sorlinda-investments-s-l-u--como-sociedad-absorbida-julio-2019-/do-cuentas-anuales-informe-de-gestion-e-informe-de-auditoria-de-banco-santander-sa-ejercicio-2018---individuales.pdf,NA,NA
67,FINQUES CASTELLBELL SL,Finques Castellbell SL,España,Finques Castellbell SL,España,Empresa privada,NA,Inmobiliaria,NA,NA,NA,NA,NA,NA,NA
67,INMOBILIARIA SAMUR SL,Inmobiliaria Samur SL,España,Inmobiliaria Samur SL,España,Empresa privada,NA,Inmobiliaria,NA,NA,NA,NA,NA,NA,NA
67,"INVERSIONES CABOET, S.A.",Inversiones Caboet SA,España,Inversiones Caboet SA,España,Empresa privada,NA,Inmobiliaria,NA,NA,NA,NA,NA,NA,NA
67,J. BALAGUÉ ARQUITECTURA E INGENIERIA S. A.,J. Balagué Arquitectura e Ingeniería SA,España,J. Balagué Arquitectura e Ingeniería SA,España,Empresa privada,NA,Inmobiliaria,NA,NA,NA,NA,NA,NA,NA
67,MAR-LLAU SL,Mar Llau SL,España,Mar Llau SL,España,Empresa privada,NA,Inmobiliaria,NA,NA,NA,NA,NA,NA,NA
67,"ROFISO, S.L.U.",Rofiso SL,España,Rofiso SL,España,Empresa privada,NA,Inmobiliaria,NA,NA,NA,NA,NA,NA,NA
66,CAPITAL VALUE REAL ESTATE SL,Capital Value Real Estate SL,España,Capital Value Real Estate SL,España,Empresa privada,NA,Inmobiliaria,NA,NA,NA,NA,NA,NA,NA
66,PATRIMONIAL DE LLORENS TERRADE,Patrimonial de Llorens Terrade,España,Patrimonial de Llorens Terrade,España,Empresa privada,NA,Inmobiliaria,NA,NA,NA,NA,NA,NA,NA
66,XAPLUC SL,Xapluc SL,España,Xapluc SL,España,Empresa privada,NA,Inmobiliaria,NA,NA,NA,NA,NA,NA,NA
65,ARZOBISPADO DE BARCELONA,Arzobispado de Barcelona,España,Arzobispado de Barcelona,España,Entidades religiosas,NA,Entidades religiosas,NA,NA,NA,NA,NA,NA,NA
65,FINCAS GONSENI S.L.,Fincas Gonseni SL,España,Fincas Gonseni SL,España,Empresa privada,NA,Inmobiliaria,NA,NA,NA,NA,NA,NA,NA
65,HEREUS DE JOSEP M AGUSTI MARFA SA,Hereus de Josep M. Agustí Marfa SA,España,Hereus de Josep M. Agustí Marfa SA,España,Empresa privada,NA,Inmobiliaria,NA,NA,NA,NA,NA,NA,NA
65,RICIMA SL,Ricima SL,España,Ricima SL,España,Empresa privada,NA,Inmobiliaria,NA,NA,NA,NA,NA,NA,NA
65,RIU GODO SL,Riu Godo SL,España,Riu Godo SL,España,Empresa privada,NA,Inmobiliaria,NA,NA,NA,NA,NA,NA,NA
65,MERLIMAU SERVICIOS INMOBILIARIOS SLU,Spray Boston SL,España,Spray Boston SL,España,Empresa privada,NA,Inmobiliaria,NA,https://www.boe.es/borme/dias/2015/04/14/pdfs/BORME-A-2015-69-17.pdf,NA,NA,NA,NA,NA
63,CODU SL,Codu SL,España,Codu SL,España,Empresa privada,NA,Inmobiliaria,NA,NA,NA,NA,NA,NA,NA
63,ESEO 21 Eseo 21 SL,Dankbar 21 SL,España,Eseo 21 SL,España,Empresa privada,NA,Inmobiliaria,NA,https://www.boe.es/borme/dias/2017/03/10/pdfs/BORME-A-2017-49-08.pdf,NA,NA,NA,NA,NA
63,GRASVER SL,Grasver SL,España,Grasver SL,España,Empresa privada,NA,Inmobiliaria,NA,NA,NA,NA,NA,NA,NA
63,IVASON INVEST SL,Ivason Invest SL,España,Ivason Invest SL,España,Empresa privada,NA,Inmobiliaria,NA,NA,NA,NA,NA,NA,NA
63,"TORRAS I BAGES 79-81, S.l.",Torras i Bages 79-81 SL,España,Torras i Bages 79-81 SL,España,Empresa privada,NA,Inmobiliaria,NA,NA,NA,NA,NA,NA,NA
63,URBAN VIEW DEVELOPMENT SPAIN SOCIMI SA,Urban View Socimi LP,Estados Unidos,Urban View Development Spain Socimi SA,España,Socimi,NA,Inmobiliaria,NA,https://www.urbanview.es/wp-content/uploads/2019/02/DIIM.pdf,https://www.sec.gov/Archives/edgar/data/1724153/0001724153-17-000001-index.htm,NA,NA,NA,NA
62,COGISO SL,Cogiso SL,España,Cogiso SL,España,Empresa privada,NA,Inmobiliaria,NA,NA,NA,NA,NA,NA,NA
62,COOPERATIVA OBRERA DE VIVIENDAS SCCL,Cooperativa Obrera de Viviendas SCCL,España,Cooperativa Obrera de Viviendas SCCL,España,Cooperativa,NA,Otros,NA,https://cov.coop/qui-som/,NA,NA,NA,NA,NA
62,JUSTINIANO 2000 SL,Justiniano 2000 SL,España,Justiniano 2000 SL,España,Empresa privada,NA,Inmobiliaria,NA,NA,NA,NA,NA,NA,NA
62,MERCANTIL DIPUTACIÓ 435 SL,Mercantil Diputació 435 SL,España,Mercantil Diputació 435 SL,España,Empresa privada,NA,Inmobiliaria,NA,NA,NA,NA,NA,NA,NA
62,"PROMOCIONES BRICA, S.A.",Promociones Brica SA,España,Promociones Brica SA,España,Empresa privada,NA,Inmobiliaria,NA,NA,NA,NA,NA,NA,NA
62,RANIDIUM SL,Ranidium SL,España,Ranidium SL,España,Empresa privada,NA,Inmobiliaria,NA,NA,NA,NA,NA,NA,NA
61,ALTAMIRA SANTANDER REAL ESTATE SA,Banco Santander,España,Banco Santander,España,Empresa privada,NA,Entidades financieras,Banca,https://www.boe.es/borme/dias/2020/09/25/pdfs/BORME-A-2020-187-28.pdf,NA,NA,NA,NA,NA
61,"FIMES 2000, S.L.",Fimes 2000 SL,España,Fimes 2000 SL,España,Empresa privada,NA,Inmobiliaria,NA,NA,NA,NA,NA,NA,NA
61,OTO SL,Oto SL,España,Oto SL,España,Empresa privada,NA,Inmobiliaria,NA,NA,NA,NA,NA,NA,NA
60,EMPIRE PROPERTIES SPAIN SLU,Blackstone,Estados Unidos,Empire Socimi Holdco SARL,Luxemburgo,Soparfi,NA,Entidades financieras,Fondos de inversión,https://www.boe.es/borme/dias/2017/04/05/pdfs/BORME-A-2017-66-08.pdf,https://www.boe.es/borme/dias/2021/03/04/pdfs/BORME-A-2021-43-08.pdf,https://civio.box.com/s/hh1izw3bpecx63i7kdnp3gd0yknczbu3,https://civio.box.com/s/qdfogb2nnkx6yr4prqxibvxu22xouca1,https://civio.box.com/s/o0d4yarehtbqgk7fk5rhrboxgbij6czh,NA
60,INMOBILIARIA ARIES SL,Inmobiliaria Aries SL,España,Inmobiliaria Aries SL,España,Empresa privada,NA,Inmobiliaria,NA,NA,NA,NA,NA,NA,NA
60,JEAC HABITATGES SL,Jeac Habitatges SL,España,Jeac Habitatges SL,España,Empresa privada,NA,Inmobiliaria,NA,NA,NA,NA,NA,NA,NA
60,LA INMOBILIARIA ARGENSOLENSE SL,La Inmobiliaria Argensolense SL,España,La Inmobiliaria Argensolense SL,España,Empresa privada,NA,Inmobiliaria,NA,NA,NA,NA,NA,NA,NA
59,"LLOGUERS VINYA NOVA,SL",Comercio y Transformación de Maderas SA,España,Lloguers Vinya Nova SL,España,Empresa privada,NA,Inmobiliaria,NA,https://www.boe.es/borme/dias/2019/12/18/pdfs/BORME-A-2019-241-08.pdf,NA,NA,NA,NA,NA
59,ZONA FRANCA GLOBAL BARCELONA SLU,DWS,Alemania,DWS Grundbesitz GMBH,Alemania,Empresa privada,NA,Inmobiliaria,NA,https://www.boe.es/borme/dias/2021/02/05/pdfs/BORME-A-2021-24-28.pdf,https://www.boe.es/borme/dias/2020/01/22/pdfs/BORME-A-2020-14-28.pdf,https://realassets.dws.com/,NA,NA,NA
59,FACORIN SL,Facorin SL,España,Facorin SL,España,Empresa privada,NA,Inmobiliaria,NA,NA,NA,NA,NA,NA,NA
59,ICHO SL,Icho SL,España,Icho SL,España,Empresa privada,NA,Inmobiliaria,NA,NA,NA,NA,NA,NA,NA
59,SA VIDAL RIBAS,Icofre Barcelona SL,España,Icofre Barcelona SL,España,Empresa privada,NA,Inmobiliaria,NA,https://www.boe.es/borme/dias/2020/01/28/pdfs/BORME-A-2020-18-08.pdf,NA,NA,NA,NA,NA
59,PARTLER 2006 SL,Partler 3006 SL,España,Partler 3006 SL,España,Empresa privada,NA,Inmobiliaria,NA,NA,NA,NA,NA,NA,NA
59,PRIMOSOL SL,Primosol SL,España,Primosol SL,España,Empresa privada,NA,Inmobiliaria,NA,NA,NA,NA,NA,NA,NA
58,IRIS LA GARRIGA SAU,1948 Associats,España,Iris La Garriga SA,España,Empresa privada,NA,Otros,NA,https://www.boe.es/borme/dias/2012/11/20/pdfs/BORME-A-2012-222-08.pdf,NA,NA,NA,NA,NA
58,GALA RESIDENCES VIA AUGUSTA SLU,AEW,Estados Unidos,AEW Invest GmbH,Alemania,Empresa privada,NA,Inmobiliaria,NA,https://www.boe.es/borme/dias/2022/03/07/pdfs/BORME-A-2022-45-28.pdf,https://www.boe.es/borme/dias/2019/10/30/pdfs/BORME-A-2019-209-28.pdf,https://www.boe.es/borme/dias/2019/07/18/pdfs/BORME-A-2019-136-28.pdf,https://www.boe.es/borme/dias/2019/10/30/pdfs/BORME-A-2019-209-28.pdf,https://www.aew.com/legal,NA
58,CASBAY SL,Casbay SL,España,Casbay SL,España,Empresa privada,NA,Inmobiliaria,NA,NA,NA,NA,NA,NA,NA
58,CONTRATAS GES SA,Contratas Ges SA,España,Contratas Ges SA,España,Empresa privada,NA,Inmobiliaria,NA,NA,NA,NA,NA,NA,NA
58,DOLORES AUTRAN SOLSONA SL,Dolores Autran Solsona SL,España,Dolores Autran Solsona SL,España,Empresa privada,NA,Inmobiliaria,NA,NA,NA,NA,NA,NA,NA
58,"EUMACA, S.A",Eumaca SA,España,Eumaca SA,España,Empresa privada,NA,Inmobiliaria,NA,NA,NA,NA,NA,NA,NA
58,FUNDACIÓ VALLDEJULI,Fundació Valldejuli,España,Fundació Valldejuli,España,Fundaciones,NA,Fundaciones,NA,NA,NA,NA,NA,NA,NA
58,GALIL CAPITAL RE SPAIN SOCIMI SA,Galil Capital,España,Galil Capital,España,Socimi,NA,Inmobiliaria,NA,https://www.bmegrowth.es/docs/documentos/Otros/2018/11/05290_Folleto_20181114.pdf,https://www.galilcapital.es/,NA,NA,NA,NA
58,"VOLUMETRIC, S.L.U.",Grup Volumetric,España,Volumetric SL,España,Empresa privada,NA,Inmobiliaria,NA,NA,NA,NA,NA,NA,NA
58,VILAMUR 89 SL,Vilamur 89 SL,España,Vilamur 89 SL,España,Empresa privada,NA,Inmobiliaria,NA,NA,NA,NA,NA,NA,NA
57,ES VERN SA,Es Vern SA,España,Es Vern SA,España,Empresa privada,NA,Inmobiliaria,NA,NA,NA,NA,NA,NA,NA
57,FUNDACION PRIVADA RAMON PLA ARMENGOL,Fundación Privada Ramón Plá Armengol,España,Fundación Privada Ramón Plá Armengol,España,Fundaciones,NA,Fundaciones,NA,https://www.fundacion-rpa.org/,NA,NA,NA,NA,NA
57,GRADISA SL,Gradisa SL,España,Gradisa SL,España,Empresa privada,NA,Inmobiliaria,NA,NA,NA,NA,NA,NA,NA
57,IMMOBLES PRESTIGI S.L.,Inmobles Prestigi SL,España,Inmobles Prestigi SL,España,Empresa privada,NA,Inmobiliaria,NA,NA,NA,NA,NA,NA,NA
57,QUATRE CAPITAL BP SL,Quatre Capital BP SL,España,Quatre Capital BP SL,España,Empresa privada,NA,Inmobiliaria,NA,NA,NA,NA,NA,NA,NA
57,SOIFLER SL,Soifler SL,España,Soifler SL,España,Empresa privada,NA,Inmobiliaria,NA,NA,NA,NA,NA,NA,NA
57,TOLIAN INVERSIONS SL,Tolian Inversions SL,España,Tolian Inversions SL,España,Empresa privada,NA,Inmobiliaria,NA,NA,NA,NA,NA,NA,NA
57,ZEIN SL,Zein SL,España,Zein SL,España,Empresa privada,NA,Inmobiliaria,NA,NA,NA,NA,NA,NA,NA
56,"ESPAIS I DIMENSIONS AM2, S.L.",Espais i Dimensions AM2 SL,España,Espais i Dimensions AM2 SL,España,Empresa privada,NA,Inmobiliaria,NA,NA,NA,NA,NA,NA,NA
56,HOTEL GALES SL,Hotel Gales SL,España,Hotel Gales SL,España,Empresa privada,NA,Inmobiliaria,NA,NA,NA,NA,NA,NA,NA
56,INMOBILIRIA CAMFOR SA,Inmobiliaria Camfor SA,España,Inmobiliaria Camfor SA,España,Empresa privada,NA,Inmobiliaria,NA,NA,NA,NA,NA,NA,NA
56,DOGA RESIDENCIAL SLU,Inversiones Industriales e Inmobiliarias SL,España,Inversiones Industriales e Inmobiliarias SL,España,Empresa privada,NA,Inmobiliaria,NA,https://www.boe.es/borme/dias/2020/01/31/pdfs/BORME-A-2020-21-08.pdf,NA,NA,NA,NA,NA
56,"J. RODOREDA, S.L.",J. Rodoreda SL,España,J. Rodoreda SL,España,Empresa privada,NA,Inmobiliaria,NA,NA,NA,NA,NA,NA,NA
56,LABEAN INVERSIONS SL,Labean Inversions SL,España,Labean Inversions SL,España,Empresa privada,NA,Inmobiliaria,NA,NA,NA,NA,NA,NA,NA
56,"MARVALLOS, S.L.",Marvallos SL,España,Marvallos SL,España,Empresa privada,NA,Inmobiliaria,NA,NA,NA,NA,NA,NA,NA
56,POLITEAM SL,Politeam SL,España,Politeam SL,España,Empresa privada,NA,Inmobiliaria,NA,NA,NA,NA,NA,NA,NA
55,"A3 DOMUS HABITATGES, S.L.",A3 Domus Habitatges SL,España,A3 Domus Habitatges SL,España,Empresa privada,NA,Inmobiliaria,NA,NA,NA,NA,NA,NA,NA
55,RENTDAEN SL,Ferine SL,España,Ferine SL,España,Empresa privada,NA,Inmobiliaria,NA,https://www.boe.es/borme/dias/2014/07/18/pdfs/BORME-A-2014-135-08.pdf,https://www.boe.es/borme/dias/2013/07/18/pdfs/BORME-A-2013-135-08.pdf,NA,NA,NA,NA
55,FINCAMAN 90 SAU,Fincaman 90 SA,España,Fincaman 90 SA,España,Empresa privada,NA,Inmobiliaria,NA,NA,NA,NA,NA,NA,NA
55,GLOBALFISAR,Geinfisar 99,España,Geinfisar 99,España,Empresa privada,NA,Inmobiliaria,NA,https://www.boe.es/borme/dias/2014/02/27/pdfs/BORME-A-2014-40-08.pdf,NA,NA,NA,NA,NA
55,GOLI IMMOBLES SL,Goli Inmobles SL,España,Goli Inmobles SL,España,Empresa privada,NA,Inmobiliaria,NA,NA,NA,NA,NA,NA,NA
55,"LOZACAR, SL",Lozacar SL,España,Lozacar SL,España,Empresa privada,NA,Inmobiliaria,NA,NA,NA,NA,NA,NA,NA
55,PARWING SL,Parwing SL,España,Parwing SL,España,Empresa privada,NA,Inmobiliaria,NA,NA,NA,NA,NA,NA,NA
55,RENTAURO SA,Rentauro SA,España,Rentauro SA,España,Empresa privada,NA,Inmobiliaria,NA,NA,NA,NA,NA,NA,NA
54,ABANCA CORPORACION DIVISION INMOBILIARIA SL,Abanca,España,Abanca,España,Empresa privada,NA,Entidades financieras,Banca,https://www.boe.es/borme/dias/2015/02/09/pdfs/BORME-A-2015-26-15.pdf,https://www.boe.es/borme/dias/2012/05/21/pdfs/BORME-A-2012-94-15.pdf,https://www.boe.es/borme/dias/2014/11/21/pdfs/BORME-A-2014-223-15.pdf,https://www.boe.es/borme/dias/2014/12/10/pdfs/BORME-A-2014-235-15.pdf,NA,NA
54,BISBAT DE OSONA,Bisbat de Osona,España,Bisbat de Osona,España,Entidades religiosas,NA,Entidades religiosas,NA,NA,NA,NA,NA,NA,NA
54,CILANER SL,Cilaner SL,España,Cilaner SL,España,Empresa privada,NA,Inmobiliaria,NA,NA,NA,NA,NA,NA,NA
54,CIRCULO HARPO S.L.,Círculo Harpo SL,España,Círculo Harpo SL,España,Empresa privada,NA,Inmobiliaria,NA,NA,NA,NA,NA,NA,NA
54,HUGUET SANTAEULARIA SL,Huguet Santaeularia SL,España,Huguet Santaeularia SL,España,Empresa privada,NA,Inmobiliaria,NA,NA,NA,NA,NA,NA,NA
54,INMOBILIARIA FINCAS URBANAS ESPAÑOLAS SA,Inmobiliaria Fincas Urbanas Españolas SA,España,Inmobiliaria Fincas Urbanas Españolas SA,España,Empresa privada,NA,Inmobiliaria,NA,NA,NA,NA,NA,NA,NA
54,"INMOBILIARIA NORDESTE DE CONSTRUCCIONES, S.A.",Inmobiliaria Nordeste de Construcciones SA,España,Inmobiliaria Nordeste de Construcciones SA,España,Empresa privada,NA,Inmobiliaria,NA,NA,NA,NA,NA,NA,NA
54,"NMB IMMOBLES 2022, S.L.",NMB Inmobles 2022,España,NMB Inmobles 2022,España,Empresa privada,NA,Inmobiliaria,NA,NA,NA,NA,NA,NA,NA
54,TAXACIONS I ENGINYERIA ORDEIX SL,Taxacions i Enginyeria Ordeix SL,España,Taxacions i Enginyeria Ordeix SL,España,Empresa privada,NA,Inmobiliaria,NA,NA,NA,NA,NA,NA,NA
53,ARNEGAS SL,Arnegas SL,España,Arnegas SL,España,Empresa privada,NA,Inmobiliaria,NA,NA,NA,NA,NA,NA,NA
53,COMU SANT QUIRZE DEL VALLES SL,Ajuntament de Sant Quirze del Vallès,España,Comu Sant Quize del Vallés SL,España,Empresas públicas o administraciones,Ayuntamiento,Parque público,NA,NA,NA,NA,NA,NA,NA
53,FUNDACIÓ PRIVADA HÀBITAT3 TERCER SECTOR SOCIAL,Fundació Hàbitat3,España,Fundació Hàbitat3,España,Fundaciones,NA,Fundaciones,NA,https://www.habitat3.cat/presentacio,NA,NA,NA,NA,NA
53,GAULES S.L.,Gaules SL,España,Gaules SL,España,Empresa privada,NA,Inmobiliaria,NA,NA,NA,NA,NA,NA,NA
53,GENEROS DE PUNTO I ODENA SL,Géneros de Punto i Odena SL,España,Géneros de Punto i Odena SL,España,Empresa privada,NA,Otros,NA,NA,NA,NA,NA,NA,NA
53,IC 145 SL,Ic 145 SL,España,Ic 145 SL,España,Empresa privada,NA,Inmobiliaria,NA,NA,NA,NA,NA,NA,NA
53,INICIATIVAS MOLTGOIG SL,Iniciativas Moltgoig SL,España,Iniciativas Moltgoig SL,España,Empresa privada,NA,Inmobiliaria,NA,NA,NA,NA,NA,NA,NA
53,"M.Q.F., S.L.",MQF SL,España,MQF SL,España,Empresa privada,NA,Inmobiliaria,NA,NA,NA,NA,NA,NA,NA
53,PRECAVE SL,Precave SL,España,Precave SL,España,Empresa privada,NA,Inmobiliaria,NA,NA,NA,NA,NA,NA,NA
53,SYM SA,Sym SA,España,Sym SA,España,Empresa privada,NA,Inmobiliaria,NA,NA,NA,NA,NA,NA,NA
52,2020IMMOPEDRALBES,2020 Immopedralbel SL,España,2020 Immopedralbel SL,España,Empresa privada,NA,Inmobiliaria,NA,NA,NA,NA,NA,NA,NA
52,INMOBILIARIA GIMENO ESTEVA SL,Inmobiliaria Gimeno Esteva SL,España,Inmobiliaria Gimeno Esteva SL,España,Empresa privada,NA,Inmobiliaria,NA,NA,NA,NA,NA,NA,NA
52,INMOBILIARIA JUMARROS SA,Inmobiliaria Jumarros SA,España,Inmobiliaria Jumarros SA,España,Empresa privada,NA,Inmobiliaria,NA,NA,NA,NA,NA,NA,NA
52,INMOBILIARIA RIBASMAR S.A,Inmobiliaria Ribasmar SA,España,Inmobiliaria Ribasmar SA,España,Empresa privada,NA,Inmobiliaria,NA,NA,NA,NA,NA,NA,NA
52,LANOVA CREU COBERTA SL,La Nova Creu Coberta SL,España,La Nova Creu Coberta SL,España,Empresa privada,NA,Inmobiliaria,NA,NA,NA,NA,NA,NA,NA
51,AJUNTAMENT DE SANTA COLOMA DE GRAMENET,Ajuntament de Santa Coloma de Gramanet,España,Ajuntament de Santa Coloma de Gramanet,España,Empresas públicas o administraciones,Ayuntamiento,Parque público,NA,NA,NA,NA,NA,NA,NA
51,"CENTRE FINANCER GIRONA-BARNA, S.L.",Centre Financer Girona-Barna SL,España,Centre Financer Girona-Barna SL,España,Empresa privada,NA,Inmobiliaria,NA,NA,NA,NA,NA,NA,NA
51,CLATENA SL,Clatena SL,España,Clatena SL,España,Empresa privada,NA,Inmobiliaria,NA,NA,NA,NA,NA,NA,NA
51,EDIPAU 8 SL,Edipau 8 SL,España,Edipau 8 SL,España,Empresa privada,NA,Inmobiliaria,NA,NA,NA,NA,NA,NA,NA
51,ESTACIÓN SERVICIO HORT GRAN S.A,Estación Servicio Hort Gran SA,España,Estación Servicio Hort Gran SA,España,Empresa privada,NA,Inmobiliaria,NA,NA,NA,NA,NA,NA,NA
51,"FUNDACIÓ BENEFICO PRIVADA BARNOLA VALLRIBERA, SANT","Fundació Barnola-Vallribera, Sant Josep",España,"Fundació Barnola-Vallribera, Sant Josep",España,Fundaciones,NA,Fundaciones,NA,https://fbpbarnola.cat/,NA,NA,NA,NA,NA
51,IMISL,Inversiones Mobiliarias e Inmobiliarias SL,España,Inversiones Mobiliarias e Inmobiliarias SL,España,Empresa privada,NA,Inmobiliaria,NA,NA,NA,NA,NA,NA,NA
51,INMOBILIARIA LUMA SL,Inmobiliaria Luma SL,España,Inmobiliaria Luma SL,España,Empresa privada,NA,Inmobiliaria,NA,NA,NA,NA,NA,NA,NA
